{
  "total": 3311,
  "true_positives": 1620,
  "true_negatives": 1571,
  "false_positives": 112,
  "false_negatives": 8,
  "accuracy": 0.9637571730594986,
  "precision": 0.9353348729792148,
  "recall": 0.995085995085995,
  "f1": 0.9642857142857143
}