{
  "total": 3311,
  "true_positives": 1277,
  "true_negatives": 1657,
  "false_positives": 26,
  "false_negatives": 351,
  "accuracy": 0.8861371186952582,
  "precision": 0.9800460475825019,
  "recall": 0.7843980343980343,
  "f1": 0.8713749573524394
}