{
  "total": 3311,
  "true_positives": 314,
  "true_negatives": 1678,
  "false_positives": 5,
  "false_negatives": 1314,
  "accuracy": 0.6016309272123226,
  "precision": 0.9843260188087775,
  "recall": 0.1928746928746929,
  "f1": 0.32254750898818696
}