{
  "total": 3311,
  "true_positives": 1617,
  "true_negatives": 1679,
  "false_positives": 4,
  "false_negatives": 11,
  "accuracy": 0.9954696466324373,
  "precision": 0.9975323874151758,
  "recall": 0.9932432432432432,
  "f1": 0.9953831948291781
}