{
  "total": 3311,
  "true_positives": 1377,
  "true_negatives": 1676,
  "false_positives": 7,
  "false_negatives": 251,
  "accuracy": 0.922077922077922,
  "precision": 0.994942196531792,
  "recall": 0.8458230958230958,
  "f1": 0.9143426294820718
}