{
  "total": 3311,
  "true_positives": 1377,
  "true_negatives": 1675,
  "false_positives": 8,
  "false_negatives": 251,
  "accuracy": 0.9217758985200846,
  "precision": 0.9942238267148015,
  "recall": 0.8458230958230958,
  "f1": 0.9140391636242947
}