{
  "total": 3311,
  "true_positives": 1461,
  "true_negatives": 1652,
  "false_positives": 31,
  "false_negatives": 167,
  "accuracy": 0.9401993355481728,
  "precision": 0.9792225201072386,
  "recall": 0.8974201474201474,
  "f1": 0.9365384615384615
}