{
  "total": 3311,
  "true_positives": 1473,
  "true_negatives": 1652,
  "false_positives": 31,
  "false_negatives": 155,
  "accuracy": 0.9438236182422229,
  "precision": 0.9793882978723404,
  "recall": 0.9047911547911548,
  "f1": 0.9406130268199233
}