{
  "total": 3311,
  "true_positives": 1380,
  "true_negatives": 1670,
  "false_positives": 13,
  "false_negatives": 248,
  "accuracy": 0.9211718514044095,
  "precision": 0.990667623833453,
  "recall": 0.8476658476658476,
  "f1": 0.913604766633565
}